{
    "products": [
        {
            "id": "867850",
            "category": "Clothes",
            "filename": "purse",
            "name": "Purse",
            "description":"Anim excepteur incididunt adipisicing id cillum. Velit consequat ut dolor voluptate eiusmod esse sint tempor esse. Irure sint ea exercitation reprehenderit. Labore aliqua incididunt duis magna incididunt mollit exercitation amet cupidatat. Nostrud amet sit pariatur elit commodo. Laborum laboris aliqua non excepteur anim laborum mollit velit. Ullamco sint adipisicing nostrud reprehenderit sint.",
            "price": 45.48
        },
        {
            "id": "477227",
            "category": "Ducks",
            "filename": "rubber_duck",
            "name": "Rubber Duck",
            "description": "Sunt nisi irure in et ut ex labore ea non sit dolor. Laboris pariatur ea duis sint esse anim mollit anim cupidatat aliquip officia veniam minim. Amet aliquip voluptate voluptate tempor tempor eiusmod officia. Ut magna dolor mollit consequat minim. Est qui commodo fugiat ex minim do. Laborum laborum anim adipisicing voluptate cillum sunt cupidatat adipisicing reprehenderit. Non pariatur in sint do esse do ullamco sit.",
            "price": 147.02
        },
        {
            "id": "946406",
            "category": "Food",
            "filename": "apple",
            "name": "Apple",
            "description": "Aliquip elit amet ad deserunt. Ea elit occaecat aliquip id ipsum. Anim eu nulla nostrud culpa commodo pariatur commodo fugiat adipisicing voluptate occaecat laboris. Amet deserunt in fugiat esse eu duis. Do magna occaecat nisi commodo commodo.",
            "price": 211.14
        },
        {
            "id": "936979",
            "category": "Household",
            "filename": "bag",
            "name": "Bag",
            "description": "Aliquip veniam veniam irure ipsum. In eiusmod ex reprehenderit irure incididunt esse ad voluptate amet ea culpa nisi ipsum. Commodo commodo et aliqua duis eu anim. Anim anim eu commodo ea nulla laborum.",
            "price": 368.72
        },
        {
            "id": "503152",
            "category": "Office",
            "filename": "canvas",
            "name": "Canvas",
            "description": "Laboris eu sint nulla ad irure dolore ullamco magna sit. Sunt non officia proident voluptate. Lorem eu sunt eiusmod ad nisi commodo laboris dolore enim voluptate labore occaecat. Cupidatat pariatur quis Lorem et nostrud occaecat nostrud velit in veniam laborum. Quis sit nostrud aliqua aute cillum do magna aute voluptate ut consectetur. Occaecat eiusmod mollit exercitation fugiat cupidatat culpa eu commodo sint. Incididunt laborum anim exercitation ipsum aliquip nostrud ipsum est non tempor consequat sit labore ullamco.",
            "price": 7.50
        },
        {
            "id": "319580",
            "category": "Other",
            "filename": "balloon",
            "name": "Balloon",
            "description": "Nisi eu velit elit dolore irure eu nisi sunt. Commodo ea aliquip ut ad voluptate deserunt voluptate pariatur ullamco. Reprehenderit dolor incididunt reprehenderit magna culpa duis nulla tempor. Dolore eu velit sunt in proident mollit ad irure exercitation nulla culpa. Nostrud pariatur ad aliqua excepteur anim adipisicing ut ad aliqua culpa cillum proident eu. Laboris et id consectetur amet nostrud velit ad.",
            "price": 204.70
        },
        {
            "id": "499552",
            "category": "Food",
            "filename": "bananas",
            "name": "Bananas",
            "description": "Incididunt laborum aute veniam duis. Lorem do velit ex sunt adipisicing duis labore velit elit commodo magna. Officia minim id id sunt qui est anim excepteur. Ex magna ad cupidatat eu ex. Commodo velit nulla in magna pariatur incididunt cillum minim culpa. Dolor aute duis irure occaecat minim dolor nisi commodo commodo nulla.",
            "price": 309.53
        },
        {
            "id": "121924",
            "category": "Household",
            "filename": "bed",
            "name": "Bed",
            "description": "Fugiat reprehenderit Lorem commodo laborum deserunt voluptate nulla fugiat. Pariatur eu pariatur ea reprehenderit in elit irure ullamco labore eu reprehenderit ex ut qui. Nisi est eiusmod duis nisi dolore reprehenderit. Commodo laborum ex proident id. Sit nulla duis irure dolore excepteur veniam. Duis et ullamco ex laborum amet voluptate do sunt incididunt anim ad et mollit. Enim eu commodo nisi nostrud labore.",
            "price": 282.86
        },
        {
            "id": "791670",
            "category": "Food",
            "filename": "beef",
            "name": "Beef",
            "description":"Do nisi aliquip sunt proident cupidatat proident do irure. Pariatur proident fugiat id pariatur sit commodo occaecat veniam sunt laborum dolor consequat. Dolore culpa enim aute laborum ipsum nisi Lorem qui laboris sunt tempor qui.",
            "price": 90.77
        },
        {
            "id": "625802",
            "category": "Other",
            "filename": "bookmark",
            "name": "Bookmark",
            "description": "Ad exercitation dolore elit velit sint elit id culpa enim qui do proident dolore. Dolor aliqua dolore nulla proident nisi dolor veniam esse irure enim voluptate. Qui aute consequat veniam velit do eu commodo sit nostrud qui Lorem.",
            "price": 392.25
        },
        {
            "id": "316752",
            "category": "Other",
            "filename": "boom_box",
            "name": "Boom Box",
            "description": "Ullamco magna adipisicing quis veniam ad deserunt laboris eu velit fugiat. Velit labore non amet esse velit amet est ipsum tempor. Cillum est aliquip commodo ut ex Lorem et id pariatur veniam reprehenderit enim ea. Magna dolore amet aliqua excepteur ut ullamco elit. Non Lorem commodo enim laborum proident officia dolor nostrud duis officia proident elit.",
            "price": 349.57
        },
        {
            "id": "153438",
            "category": "Other",
            "filename": "bottle_cap",
            "name": "Bottle Cap",
            "description": "Est est voluptate sunt incididunt sit eiusmod eiusmod excepteur sit ullamco ipsum Lorem esse labore. Ipsum sint ullamco adipisicing velit id consectetur consectetur ipsum incididunt enim. Consectetur ex excepteur esse aliquip deserunt aliquip labore Lorem aliquip. Officia ut dolor eu veniam est cillum cillum dolor deserunt ex ex enim ut tempor.",
            "price": 185.68
        },
        {
            "id": "270092",
            "category": "Clothes",
            "filename": "bow",
            "name": "Bow",
            "description": "Laborum aliquip qui in id laboris nisi enim velit anim esse. Veniam proident non voluptate nisi consequat. Tempor sit nisi tempor cillum tempor amet eu ut fugiat. Excepteur sunt consectetur eiusmod nisi non enim do ipsum ad sunt ullamco anim reprehenderit tempor. Est in exercitation aliquip elit sit voluptate proident consectetur voluptate incididunt ad. Sit qui in ex cillum ea. Commodo sunt id labore nostrud quis id in duis labore excepteur.",
            "price": 278.17
        },
        {
            "id": "685275",
            "category": "Food",
            "filename": "bowl",
            "name": "Bowl",
            "description": "Dolore ut ipsum est consequat Lorem eu officia aliquip velit anim pariatur. Nostrud excepteur fugiat dolore velit aliqua adipisicing est commodo culpa exercitation amet. Ex duis velit id tempor et elit dolor cupidatat adipisicing officia fugiat. Nisi ut irure esse enim exercitation sit laboris enim minim aliqua magna. Sunt sint laboris consequat velit dolore elit.",
            "price": 122.80
        },
        {
            "id": "646673",
            "category": "Clothes",
            "filename": "bracelet",
            "name": "Bracelet",
            "description": "Aute ea irure minim Lorem non duis magna cillum. Mollit sit dolore mollit ullamco velit voluptate id nostrud in Lorem aliquip qui. Laboris exercitation irure laboris minim mollit Lorem. Aliquip labore occaecat mollit amet. Ad magna culpa labore minim adipisicing reprehenderit anim dolor enim. Cupidatat non in ut Lorem culpa. Occaecat nisi fugiat do sunt proident eiusmod quis in Lorem minim esse laboris officia do.",
            "price": 296.87
        },
        {
            "id": "248661",
            "category": "Food",
            "filename": "bread",
            "name": "Bread",
            "description":"Aute reprehenderit sint anim laboris laborum. Mollit anim ad aute ea magna ut anim ullamco consectetur. Est quis nostrud laboris amet. Nulla Lorem quis ad est veniam ea qui in excepteur aute officia sunt aliquip deserunt. Nulla ipsum mollit exercitation irure est.",
            "price": 12.85
        },
        {
            "id": "281033",
            "category": "Clothes",
            "filename": "buckel",
            "name": "Buckel",
            "description": "Enim eiusmod laborum id occaecat velit officia adipisicing cupidatat id laborum non labore nisi elit. Nulla nisi et dolor sunt proident sint eiusmod. Ullamco mollit do nulla officia duis sunt culpa ullamco enim. Ea veniam mollit magna excepteur aliqua et commodo pariatur magna enim cillum. Ea consectetur Lorem elit occaecat ea qui. Fugiat minim cillum quis tempor reprehenderit velit. Voluptate duis fugiat consequat occaecat sint deserunt labore.",
            "price": 218.15
        },
        {
            "id": "969439",
            "category": "Household",
            "filename": "button",
            "name": "Button",
            "description":"Consectetur cillum anim laboris aute nulla. Nulla est voluptate do deserunt eu anim excepteur ea. Deserunt commodo mollit fugiat ex velit adipisicing commodo sit nulla.",
            "price": 29.09
        },
        {
            "id": "976849",
            "category": "Household",
            "filename": "camera",
            "name": "Camera",
            "description": "Sint id non officia quis ad aliqua nulla. Do occaecat commodo reprehenderit est. Officia eiusmod dolore pariatur non velit labore nisi.",
            "price": 321.20
        },
        {
            "id": "546706",
            "category": "Household",
            "filename": "candle",
            "name": "Candle",
            "description": "Consequat est Lorem proident ea labore consectetur deserunt fugiat do velit. Sit tempor incididunt proident proident excepteur. Dolor est aliqua esse ea laborum. Magna exercitation non officia in consequat tempor officia proident. Pariatur magna est officia est enim consequat fugiat sit dolore sunt sit irure enim sit.",
            "price": 377.29
        },
        {
            "id": "70087",
            "category": "Food",
            "filename": "candy_wrapper",
            "name": "Candy Wrapper",
            "description": "Non ullamco duis cupidatat veniam laboris Lorem excepteur ex qui aliqua deserunt. Occaecat voluptate do aliqua consequat. Consequat commodo laborum minim do in laboris cupidatat magna irure duis duis.",
            "price": 314.06
        },
        {
            "id": "164563",
            "category": "Other",
            "filename": "car",
            "name": "Car",
            "description": "Cillum dolor pariatur ut tempor sint enim deserunt culpa ex laborum velit magna. Ad quis eu aute consequat eu. Dolore magna sunt ea excepteur proident fugiat voluptate cupidatat pariatur eiusmod duis labore quis.",
            "price": 454.25
        },
        {
            "id": "165042",
            "category": "Food",
            "filename": "carrots",
            "name": "Carrots",
            "description":"Officia quis velit duis est occaecat. Laborum aute tempor dolore ullamco dolor aliquip deserunt ex velit. Incididunt irure excepteur ut nulla nulla. Dolor et dolore incididunt aliquip occaecat consectetur mollit proident Lorem est fugiat ea mollit incididunt. Enim laborum nisi ipsum excepteur irure excepteur occaecat non voluptate. Laboris aliqua minim cillum eiusmod cillum amet quis officia et ad dolore.",
            "price": 26.60
        },
        {
            "id": "402130",
            "category": "Household",
            "filename": "cat",
            "name": "Cat",
            "description":"Nisi fugiat occaecat dolor officia magna. Officia ad ex pariatur excepteur sint dolore nulla dolore magna dolor sunt enim amet ea. Quis eu fugiat in et. Tempor dolor reprehenderit aliqua magna veniam Lorem elit velit proident anim non elit culpa irure. Enim ex do cupidatat officia est. Mollit nulla aliquip voluptate cillum exercitation nostrud cillum amet consectetur laboris qui proident Lorem.",
            "price": 94.51
        },
        {
            "id": "280868",
            "category": "Household",
            "filename": "cell_phone",
            "name": "Cell Phone",
            "description":"Sit minim eu exercitation pariatur nostrud cupidatat officia aliqua nisi nisi elit minim deserunt. Eu sunt non nisi dolor mollit sit consectetur officia consectetur mollit cillum est reprehenderit. Laborum cillum officia excepteur eu dolore irure nulla exercitation sunt voluptate laboris sunt. Consectetur dolore incididunt incididunt aute non amet nulla labore nisi aliquip. Nulla ullamco tempor commodo est velit dolor voluptate non consequat duis ullamco.",
            "price": 90.20
        },
        {
            "id": "798627",
            "category": "Office",
            "filename": "chair",
            "name": "Chair",
            "description": "Veniam exercitation Lorem reprehenderit dolore irure. Eiusmod proident deserunt excepteur ad id proident consectetur sunt sit ullamco. Mollit ea ad adipisicing eiusmod labore consequat minim non id tempor. Aute ea eu cillum irure magna laborum adipisicing ut et Lorem magna ad elit. Deserunt cupidatat amet ullamco occaecat reprehenderit irure excepteur dolor excepteur. Lorem anim sit sint sunt aliqua proident nisi commodo eu officia incididunt tempor et. Quis tempor excepteur eu anim mollit consequat minim sunt irure exercitation laboris.",
            "price": 323.68
        },
        {
            "id": "136913",
            "category": "Other",
            "filename": "chapter_book",
            "name": "Chapter Book",
            "description": "Esse dolor excepteur cillum irure nostrud quis nulla voluptate proident fugiat excepteur veniam sint aliqua. Esse culpa ex quis exercitation reprehenderit amet velit. Velit cillum minim duis labore nostrud ullamco reprehenderit mollit. Minim dolor proident irure elit. In cupidatat ut aliqua mollit.",
            "price": 421.69
        },
        {
            "id": "428353",
            "category": "Office",
            "filename": "charger",
            "name": "Charger",
            "description": "Ad enim ut adipisicing ea voluptate aliquip veniam anim fugiat quis. Anim ad eiusmod ut ipsum commodo. Aliquip pariatur reprehenderit aute duis duis incididunt consequat consectetur adipisicing. Fugiat velit laborum labore incididunt elit id ipsum ut mollit duis excepteur aute. Non quis sunt duis occaecat dolore.",
            "price": 147.91
        },
        {
            "id": "480405",
            "category": "Office",
            "filename": "checkbook",
            "name": "Checkbook",
            "description": "Sunt nulla voluptate labore esse consequat commodo voluptate anim eu sit elit est do ipsum. Consectetur eu non adipisicing ad voluptate id eiusmod. Aute reprehenderit proident sunt magna duis sit consectetur. Eiusmod magna veniam occaecat nulla ipsum dolor proident deserunt velit ad est. Nisi proident ullamco aute commodo dolor esse est et.",
            "price": 397.29
        },
        {
            "id": "418760",
            "category": "Food",
            "filename": "chocolate",
            "name": "Chocolate",
            "description":"Ea nisi ad ea proident exercitation ad enim ipsum fugiat velit aliqua. Deserunt voluptate in laboris non reprehenderit amet voluptate cupidatat eu voluptate quis exercitation ipsum. Laborum magna magna amet nostrud. Ex irure officia dolore non mollit ea duis laborum.",
            "price": 93.87
        },
        {
            "id": "804432",
            "category": "Other",
            "filename": "cinder_block",
            "name": "Cinder Block",
            "description": "Velit in proident exercitation Lorem officia deserunt nisi minim ut esse irure sunt eu aliquip. Sunt sint minim in aliquip fugiat ad pariatur. Ut pariatur tempor commodo laborum eiusmod. Amet elit in cupidatat consequat nulla. Ad consequat occaecat nisi incididunt labore occaecat esse laborum veniam minim non sit qui.",
            "price": 491.64
        },
        {
            "id": "228060",
            "category": "Office",
            "filename": "clock",
            "name": "Clock",
            "description": "Eu cillum laborum laboris consequat qui incididunt tempor nulla esse nisi non qui ut ut. Commodo officia voluptate aliqua proident magna ex et. Exercitation ullamco non ad ut sit excepteur est do aute proident ea. Proident consequat irure aute ut.",
            "price": 411.60
        },
        {
            "id": "22622",
            "category": "Clothes",
            "filename": "clothes",
            "name": "Clothes",
            "description":"Tempor qui Lorem deserunt sit ullamco ut aliqua ipsum sit nisi ea quis adipisicing. Officia deserunt nisi incididunt minim adipisicing excepteur. Laboris dolor ullamco amet aliquip consequat minim ex in excepteur. Incididunt officia aliqua ex quis mollit ea non. Commodo aute tempor dolore duis aute laboris adipisicing Lorem esse ad id. Magna excepteur id laborum pariatur aliquip irure non deserunt nisi occaecat aliquip incididunt. Culpa nostrud dolore consectetur voluptate excepteur laboris nisi qui ad.",
            "price": 26.25
        },
        {
            "id": "860299",
            "category": "Food",
            "filename": "coasters",
            "name": "Coasters",
            "description": "Enim nulla est eu esse cupidatat sint do velit. Commodo dolor sunt consequat mollit elit laboris Lorem exercitation. Magna nulla laborum eu amet reprehenderit quis dolore anim dolore exercitation ad amet dolor mollit. Consectetur velit proident tempor nisi. In ad consequat minim mollit amet consectetur proident laborum et veniam. Minim esse anim aliquip proident laborum non exercitation nisi commodo irure culpa ad excepteur.",
            "price": 362.49
        },
        {
            "id": "785433",
            "category": "Office",
            "filename": "computer",
            "name": "Computer",
            "description":"Elit laboris mollit duis occaecat sit cillum veniam. Ad officia dolore duis esse sit nisi Lorem veniam voluptate. Consequat qui cupidatat magna esse Lorem eiusmod. Reprehenderit elit ipsum excepteur irure sit sint consectetur veniam duis laboris consequat. Anim consectetur sint ad ad ad. Incididunt ullamco sunt incididunt sint exercitation commodo consectetur cillum. Eu et ut laboris mollit amet labore amet proident minim cillum incididunt culpa incididunt.",
            "price": 55.22
        },
        {
            "id": "451410",
            "category": "Household",
            "filename": "conditioner",
            "name": "Conditioner",
            "description": "Dolor cupidatat eu proident irure est tempor. Incididunt pariatur consequat occaecat culpa proident nisi ut laboris labore consequat. Anim laboris adipisicing sit veniam minim laboris dolore ex consequat anim amet sint. Sit officia aliqua commodo ex Lorem ullamco veniam sunt culpa exercitation reprehenderit elit. Reprehenderit minim aute dolore cillum. Consequat officia aute ipsum esse ipsum sunt elit pariatur eu ad anim occaecat irure minim. Voluptate sint incididunt veniam consectetur cillum nisi reprehenderit officia deserunt.",
            "price": 124.21
        },
        {
            "id": "388179",
            "category": "Office",
            "filename": "controller",
            "name": "Controller",
            "description": "Qui amet nisi sit mollit voluptate consequat. Proident ullamco mollit aute proident sunt enim dolore reprehenderit. Excepteur velit tempor id tempor fugiat nostrud aliquip reprehenderit qui veniam excepteur magna quis.",
            "price": 492.55
        },
        {
            "id": "27996",
            "category": "Food",
            "filename": "cookie_jar",
            "name": "Cookie Jar",
            "description": "Do magna amet amet tempor tempor irure dolore officia. Nisi in dolore qui in ex culpa eu amet. Eu qui dolor ea nisi non aliqua.",
            "price": 487.78
        },
        {
            "id": "891975",
            "category": "Household",
            "filename": "cork",
            "name": "Cork",
            "description": "Enim reprehenderit aute officia excepteur exercitation pariatur do quis et labore pariatur consequat. Aliquip culpa aliqua elit sint laboris. Laborum nostrud enim excepteur reprehenderit esse anim enim culpa ipsum. Cillum commodo ipsum sit minim esse. Aliqua consectetur quis Lorem ut. Ullamco incididunt est sunt commodo fugiat anim minim sit quis veniam ullamco ea qui. Lorem sint officia nulla nulla id mollit velit et qui dolor dolore officia aliquip quis.",
            "price": 253.64
        },
        {
            "id": "687690",
            "category": "Household",
            "filename": "couch",
            "name": "Couch",
            "description": "Duis quis dolor tempor commodo ut eiusmod elit adipisicing id deserunt. Labore reprehenderit aliqua est labore ipsum ullamco cupidatat pariatur fugiat nulla commodo aute. Exercitation adipisicing elit sint anim laborum commodo quis voluptate officia ea est anim.",
            "price": 224.11
        },
        {
            "id": "410612",
            "category": "Office",
            "filename": "credit_card",
            "name": "Credit Card",
            "description": "Fugiat officia in nostrud nulla Lorem eu sunt ad magna. Aliquip commodo nulla et consequat. Aliquip exercitation nulla excepteur duis fugiat magna deserunt et labore eu. Duis ea voluptate ad ex proident anim nulla do. Non pariatur occaecat veniam ex. Aliquip tempor exercitation Lorem irure. Pariatur eu ex eu ipsum quis nulla ad pariatur aute minim laboris.",
            "price": 464.05
        },
        {
            "id": "205617",
            "category": "Food",
            "filename": "cup",
            "name": "Cup",
            "description": "Nisi non do exercitation sunt ullamco ad aliqua minim excepteur dolore. Fugiat deserunt irure do proident occaecat eiusmod exercitation aliqua aliqua incididunt magna pariatur. Velit consequat ea laboris incididunt nostrud eu ullamco id laboris reprehenderit esse incididunt. Duis qui qui Lorem anim tempor exercitation esse nostrud fugiat quis. Ex consequat voluptate minim ipsum est.",
            "price": 190.88
        },
        {
            "id": "709902",
            "category": "Household",
            "filename": "desk",
            "name": "Desk",
            "description": "Ullamco sunt proident eu labore velit exercitation tempor minim culpa et velit ex. Nulla eiusmod laborum pariatur sint eu non anim nulla voluptate nulla anim fugiat. Minim ad aliqua officia duis ipsum elit cillum ut irure ut.",
            "price": 336.06
        },
        {
            "id": "693929",
            "category": "Household",
            "filename": "doll",
            "name": "Doll",
            "description":"Pariatur ullamco esse esse id duis sunt. Excepteur adipisicing nisi exercitation nulla anim veniam cillum. Consequat ea mollit qui dolor nulla aute nulla nulla ut. Veniam ex exercitation in mollit do. Exercitation dolor aliquip officia do.",
            "price": 40.16
        },
        {
            "id": "278545",
            "category": "Household",
            "filename": "door",
            "name": "Door",
            "description": "Incididunt dolor id adipisicing sunt proident esse aute dolor eiusmod labore ipsum velit. Mollit tempor pariatur aute qui officia Lorem eiusmod elit culpa veniam anim. Adipisicing amet irure fugiat esse ullamco incididunt do cillum dolor veniam ipsum et anim nostrud. Eu fugiat elit id do occaecat. Cillum velit dolor non excepteur Lorem consequat ex mollit commodo qui esse. Fugiat excepteur officia nulla labore aliqua quis quis excepteur reprehenderit. Esse pariatur id est irure sint aliquip ea nostrud sint ut nostrud dolor ea aliqua.",
            "price": 346.90
        },
        {
            "id": "416129",
            "category": "Household",
            "filename": "drawer",
            "name": "Drawer",
            "description":"Eiusmod occaecat ut sit irure sunt cupidatat fugiat. Excepteur aliquip sit excepteur Lorem culpa aliqua esse qui consequat labore occaecat. Commodo enim in sunt ullamco irure do proident officia ullamco in ut.",
            "price": 57.04
        },
        {
            "id": "698300",
            "category": "Other",
            "filename": "drill_press",
            "name": "Drill Press",
            "description":"Tempor eu exercitation cupidatat tempor nulla nisi mollit deserunt Lorem ex voluptate irure. Sit esse nostrud minim incididunt ullamco quis nulla ut. Ullamco anim nostrud minim sunt non ea amet esse non reprehenderit velit deserunt aliqua.",
            "price": 67.54
        },
        {
            "id": "900760",
            "category": "Office",
            "filename": "earser",
            "name": "Earser",
            "description":"Et adipisicing irure voluptate consequat occaecat occaecat cupidatat enim voluptate aute occaecat ut anim labore. Ut nostrud incididunt sunt magna quis amet officia. Aliqua quis proident cupidatat incididunt consequat fugiat.",
            "price": 26.96
        },
        {
            "id": "664594",
            "category": "Clothes",
            "filename": "eye_liner",
            "name": "Eye Liner",
            "description": "Labore aliquip aliquip dolor veniam consequat ipsum. Ut quis Lorem nisi adipisicing reprehenderit ullamco anim duis ea cillum. Eu tempor nostrud aliqua deserunt irure ipsum nulla. Reprehenderit officia ut consectetur voluptate qui eiusmod fugiat excepteur ad ut. Ullamco sit sit elit enim in ipsum do occaecat mollit anim. Ut ex labore nostrud aliqua anim commodo minim ad duis cillum tempor magna laboris duis. Est eu ex est cillum do nostrud fugiat laborum.",
            "price": 170.14
        },
        {
            "id": "406069",
            "category": "Household",
            "filename": "face_wash",
            "name": "Face Wash",
            "description":"Enim ad commodo occaecat proident id. Esse cupidatat ea culpa voluptate cillum. Ea laborum voluptate eiusmod aute. Culpa fugiat sint non magna reprehenderit deserunt nostrud consectetur eiusmod cupidatat pariatur duis aute. Est Lorem consectetur ipsum sint irure in. Elit excepteur velit Lorem Lorem id in exercitation est ea veniam minim sit proident.",
            "price": 25.50
        },
        {
            "id": "173615",
            "category": "Other",
            "filename": "fake_flowers",
            "name": "Fake Flowers",
            "description":"Exercitation do aute occaecat fugiat. Eu anim anim pariatur cupidatat deserunt esse voluptate proident tempor laborum eu velit. Consequat aute magna qui occaecat labore labore consectetur incididunt in pariatur culpa do amet. Ex id minim velit occaecat id irure sit velit dolore nostrud. Excepteur sit sint nostrud minim do.",
            "price": 12.57
        },
        {
            "id": "643607",
            "category": "Household",
            "filename": "floor",
            "name": "Floor",
            "description": "Cillum ut enim non non commodo duis sit. Excepteur enim magna nostrud ea est. Commodo laboris proident esse laborum. Irure nostrud amet in duis fugiat deserunt in pariatur sint consequat ea laboris et id. Exercitation quis exercitation deserunt pariatur reprehenderit voluptate cupidatat sint laborum ad laboris sunt excepteur aliquip. Amet irure officia magna culpa incididunt est id Lorem magna fugiat adipisicing aliqua. Ex sint id ea cupidatat.",
            "price": 141.64
        },
        {
            "id": "962421",
            "category": "Other",
            "filename": "flowers",
            "name": "Flowers",
            "description": "Labore in est fugiat labore velit. Exercitation commodo duis aliqua aute commodo sunt mollit sunt eiusmod commodo. Sit laboris cillum elit nisi commodo. Occaecat ullamco incididunt velit aute fugiat elit quis. Non dolore et ullamco ut ex.",
            "price": 155.32
        },
        {
            "id": "995550",
            "category": "Food",
            "filename": "food",
            "name": "Food",
            "description":"Enim sint ex non qui Lorem ex velit anim. Sint aute dolore dolor cupidatat proident magna id in quis non. Reprehenderit minim sunt sunt ad. Elit dolore nulla cillum amet. Lorem nostrud fugiat nulla duis ad amet in enim nulla velit ut occaecat veniam. Sunt nostrud sit dolore esse occaecat. Eu irure fugiat proident tempor eu ipsum non labore non nisi Lorem esse exercitation dolor.",
            "price": 26.05
        },
        {
            "id": "600620",
            "category": "Food",
            "filename": "fork",
            "name": "Fork",
            "description": "Non aliquip aute laboris minim adipisicing. Et occaecat deserunt enim et. Cillum sunt nulla in culpa ut. Consectetur occaecat consequat ullamco id voluptate. Pariatur Lorem nostrud qui commodo tempor id ex magna in labore. Irure occaecat aliqua id consequat cillum excepteur sint labore fugiat labore.",
            "price": 281.63
        },
        {
            "id": "863128",
            "category": "Household",
            "filename": "fridge",
            "name": "Fridge",
            "description":"Officia officia sit laborum sint eiusmod exercitation dolore nisi voluptate officia nulla consectetur minim veniam. Pariatur voluptate nulla aliqua magna sit non irure cillum duis velit. Consectetur amet ex enim cillum reprehenderit aute nisi eu id duis incididunt. Qui nulla cillum irure adipisicing nostrud consequat fugiat culpa sint tempor occaecat deserunt ullamco. Do nisi do ad ad dolor labore consequat ipsum irure enim in.",
            "price": 98.19
        },
        {
            "id": "590852",
            "category": "Household",
            "filename": "get",
            "name": "Get",
            "description": "Mollit esse fugiat magna cupidatat consectetur irure do eiusmod esse mollit. Irure enim ut ut proident ut ullamco deserunt enim eu in qui consequat. Mollit ullamco adipisicing cupidatat laboris in elit ex dolor consequat culpa. Laborum fugiat in ut ad sint in in cupidatat laborum pariatur voluptate. Non laboris incididunt aliqua commodo dolor esse do nulla magna. Eiusmod labore aliqua duis ad enim sit labore officia quis exercitation veniam sint.",
            "price": 116.17
        },
        {
            "id": "72613",
            "category": "Food",
            "filename": "glass",
            "name": "Glass",
            "description": "Lorem pariatur minim culpa officia Lorem mollit laboris est do aliqua pariatur magna consequat exercitation. Fugiat est aliqua ad quis nulla exercitation sunt do labore ullamco culpa laboris do quis. Elit in dolore cupidatat est consequat sit reprehenderit eiusmod ex ea. Consectetur anim do do deserunt enim elit irure dolore do non. Nulla commodo ad tempor mollit non nulla sit enim mollit magna dolore veniam consectetur eiusmod. Mollit id laboris anim non aliqua exercitation ullamco tempor. Id ad quis eiusmod incididunt magna elit pariatur ut aliqua fugiat aliquip.",
            "price": 235.35
        },
        {
            "id": "25286",
            "category": "Clothes",
            "filename": "glasses",
            "name": "Glasses",
            "description": "Eu nisi ullamco exercitation laborum elit minim cillum. Est ex officia cillum incididunt occaecat do excepteur nulla anim. Pariatur ea veniam ad labore laborum minim ex minim consectetur mollit consequat et elit veniam. Officia tempor aute tempor ullamco dolor veniam. Qui nisi id tempor ullamco consequat aliqua.",
            "price": 345.16
        },
        {
            "id": "998237",
            "category": "Other",
            "filename": "glow_stick",
            "name": "Glow Stick",
            "description": "Consequat ullamco officia incididunt laboris id. Culpa sunt nostrud commodo deserunt culpa reprehenderit Lorem consectetur aute. Fugiat eu cupidatat quis minim reprehenderit. Sunt ipsum id ullamco sit in ullamco est occaecat qui officia est non nulla sint. Laborum consectetur consectetur id irure ipsum proident sunt anim non aliquip sunt elit anim aute. Magna Lorem nostrud reprehenderit qui id officia mollit amet in do tempor. Esse adipisicing non eiusmod laborum proident quis exercitation labore anim cillum culpa labore amet esse.",
            "price": 336.51
        },
        {
            "id": "137676",
            "category": "Other",
            "filename": "greeting_card",
            "name": "Greeting Card",
            "description": "Aliquip adipisicing reprehenderit occaecat excepteur tempor est officia ex voluptate velit cupidatat do aliqua. Esse culpa minim laboris qui dolor do reprehenderit sit veniam. Id nisi do minim tempor aliquip est fugiat irure officia exercitation in sit nulla do. Fugiat ea quis ea eu veniam quis.",
            "price": 175.74
        },
        {
            "id": "287155",
            "category": "Office",
            "filename": "grid_paper",
            "name": "Grid Paper",
            "description": "Elit aliqua quis Lorem officia ipsum aliqua mollit. Nulla mollit dolor in cillum magna eiusmod culpa enim mollit mollit consectetur eiusmod excepteur. Enim veniam in ea sit mollit fugiat aliqua ad veniam esse cupidatat velit mollit. Eiusmod nostrud incididunt ea sint magna ea. Nisi duis enim velit proident aute culpa.",
            "price": 155.17
        },
        {
            "id": "671089",
            "category": "Household",
            "filename": "hair_tie",
            "name": "Hair Tie",
            "description":"Sint ea ipsum in ea aliquip laboris voluptate exercitation occaecat. Deserunt et adipisicing dolore nisi occaecat nulla aute fugiat. Incididunt dolor magna aute ad eu fugiat laboris aliqua consequat officia ad eu. Ex qui proident ea dolore amet ea irure labore dolor culpa minim. Ut velit duis fugiat fugiat anim voluptate.",
            "price": 97.24
        },
        {
            "id": "261151",
            "category": "Office",
            "filename": "headphones",
            "name": "Headphones",
            "description": "Dolore irure esse magna ut cillum exercitation ullamco deserunt fugiat laboris quis. Labore adipisicing et anim eiusmod proident et elit sint esse mollit enim occaecat incididunt cupidatat. Dolore amet culpa ad eiusmod minim do incididunt voluptate veniam laborum consequat nisi velit. Eu id Lorem sunt nisi eiusmod ea et esse mollit nulla eu consequat. Amet reprehenderit labore laboris ipsum cupidatat dolore aliquip. Sunt Lorem irure cupidatat in labore fugiat labore adipisicing nostrud duis labore eu. Voluptate excepteur amet exercitation sint occaecat eiusmod eu.",
            "price": 267.60
        },
        {
            "id": "302372",
            "category": "Household",
            "filename": "ice_cube_tray",
            "name": "Ice_cube Tray",
            "description": "Ea laborum mollit qui sint eu. Tempor et adipisicing eu occaecat. Sit duis Lorem adipisicing nisi sint ex voluptate eiusmod occaecat proident commodo velit enim mollit. Deserunt cillum incididunt excepteur laboris eiusmod.",
            "price": 383.83
        },
        {
            "id": "816284",
            "category": "Office",
            "filename": "ipod",
            "name": "Ipod",
            "description":"Quis elit magna deserunt cillum. Exercitation dolor quis amet amet fugiat sint culpa. Adipisicing culpa occaecat excepteur ex commodo exercitation. Labore pariatur ad irure incididunt aliqua do dolor pariatur anim. Consectetur aute magna duis irure occaecat labore mollit quis. Exercitation occaecat occaecat ad reprehenderit Lorem do cillum amet. Fugiat officia proident nulla elit.",
            "price": 32.54
        },
        {
            "id": "247140",
            "category": "Household",
            "filename": "key_chain",
            "name": "Key Chain",
            "description": "Consequat qui aliqua laboris qui culpa officia non eiusmod exercitation cupidatat incididunt velit ad. Aute eiusmod ea adipisicing ea ullamco amet dolore amet non. Qui veniam officia ex aliquip cupidatat laborum. Dolore incididunt nostrud officia est ullamco eiusmod commodo. Excepteur dolore voluptate laboris ea anim fugiat cillum deserunt mollit.",
            "price": 272.80
        },
        {
            "id": "703204",
            "category": "Household",
            "filename": "keyboard",
            "name": "Keyboard",
            "description": "Do nulla nisi id Lorem culpa ad nisi do pariatur ut consectetur eu. Ullamco officia sunt ut exercitation est reprehenderit. Amet anim cupidatat pariatur laborum proident labore amet Lorem ex sint. Irure incididunt ullamco laboris consectetur elit deserunt voluptate elit Lorem ipsum velit eu. Reprehenderit duis commodo est occaecat enim ut ipsum veniam nisi consectetur proident in excepteur.",
            "price": 419.01
        },
        {
            "id": "148790",
            "category": "Household",
            "filename": "keys",
            "name": "Keys",
            "description": "Aliqua enim deserunt do qui esse fugiat sint exercitation veniam officia eu nostrud anim. Do tempor irure consequat aute mollit reprehenderit ut deserunt Lorem consectetur ex. Cillum nisi velit cillum minim laboris esse eu id dolor consectetur eu. Incididunt quis qui minim enim dolor aliquip. Id Lorem amet sit ullamco mollit exercitation ex ipsum irure dolor commodo. Enim labore esse laborum non amet. Sit excepteur aliquip pariatur amet proident voluptate proident aliqua ut fugiat.",
            "price": 497.52
        },
        {
            "id": "671002",
            "category": "Household",
            "filename": "knife",
            "name": "Knife",
            "description": "Nisi commodo eiusmod ut excepteur commodo. Dolor eu adipisicing minim ex irure adipisicing deserunt Lorem. Est enim consectetur exercitation aute sit sunt qui voluptate. Minim nisi dolore velit magna duis culpa. Velit irure cupidatat voluptate Lorem aute proident aliqua exercitation ullamco officia duis. Ullamco labore dolore labore laboris quis magna nisi labore.",
            "price": 495.61
        },
        {
            "id": "263034",
            "category": "Household",
            "filename": "lace",
            "name": "Lace",
            "description": "Cupidatat laboris voluptate occaecat occaecat dolor esse anim. Labore nulla deserunt laborum officia excepteur esse. Magna Lorem officia Lorem laboris non. Deserunt ut non enim in ullamco. Aute ut fugiat nulla eu eu incididunt cillum incididunt enim eiusmod occaecat laborum esse. Culpa sunt nisi ad consectetur.",
            "price": 490.75
        },
        {
            "id": "679999",
            "category": "Household",
            "filename": "lamp",
            "name": "Lamp",
            "description": "Id dolor consectetur cillum consequat cupidatat nisi minim. Eu nostrud magna occaecat ipsum mollit et deserunt fugiat tempor consectetur esse anim. Est officia ea occaecat consequat. Proident culpa aliqua id nulla esse et nisi commodo. Sint irure amet pariatur dolor. Eu consequat anim minim ullamco est laborum nisi exercitation pariatur. Duis duis fugiat eiusmod occaecat irure dolor voluptate.",
            "price": 281.57
        },
        {
            "id": "979277",
            "category": "Household",
            "filename": "lamp_shade",
            "name": "Lamp Shade",
            "description": "Qui ea sint enim est reprehenderit aute ipsum sit ipsum adipisicing irure consequat. Sit ullamco amet duis sit sint et excepteur. Cillum consectetur amet qui laborum nisi proident minim minim ullamco eu nisi cillum ullamco. Ex nostrud ea fugiat tempor quis eu proident deserunt excepteur aute ad est. Fugiat ipsum nisi sunt ex Lorem ullamco culpa.",
            "price": 315.37
        },
        {
            "id": "39822",
            "category": "Clothes",
            "filename": "leg_warmers",
            "name": "Leg Warmers",
            "description": "Voluptate culpa eu nisi duis non et tempor anim minim duis ea Lorem mollit. Do ea aliquip dolore deserunt id culpa est nulla consectetur do incididunt amet. Elit laboris aliquip adipisicing in anim labore pariatur minim dolor minim officia sunt ad. Non commodo ad esse qui est. Proident amet duis irure ipsum culpa pariatur. Et reprehenderit ad labore magna excepteur aliquip do duis est magna Lorem elit fugiat. Deserunt id cupidatat sunt officia.",
            "price": 151.98
        },
        {
            "id": "384194",
            "category": "Household",
            "filename": "lip_gloss",
            "name": "Lip Gloss",
            "description": "Lorem aute ut cillum nulla ea mollit duis esse magna sint deserunt. Tempor duis dolore ea qui incididunt. Quis esse exercitation incididunt enim consequat do sit minim ex. Et consequat Lorem minim quis elit irure reprehenderit consequat deserunt mollit. Voluptate nisi dolor dolore anim adipisicing excepteur. Adipisicing laboris deserunt ullamco excepteur nulla Lorem nulla voluptate sunt consequat tempor cupidatat minim aliquip.",
            "price": 467.20
        },
        {
            "id": "481443",
            "category": "Household",
            "filename": "lotion",
            "name": "Lotion",
            "description": "Aliquip Lorem occaecat aliquip laboris veniam. Ex culpa ex labore deserunt tempor ullamco anim. Ut aute esse labore fugiat eu mollit ea qui. Pariatur incididunt quis velit aliquip.",
            "price": 457.48
        },
        {
            "id": "49188",
            "category": "Household",
            "filename": "magnet",
            "name": "Magnet",
            "description": "Sunt sit do pariatur eiusmod officia nulla. Nostrud elit consectetur sit reprehenderit. Est adipisicing veniam dolor incididunt aliqua qui nulla enim elit voluptate sit. Velit quis in minim do officia minim anim aute pariatur est voluptate. Aute occaecat quis aliquip et aliqua aliqua ullamco occaecat sunt eiusmod proident eiusmod ex esse. Do labore Lorem ipsum cillum sit nostrud occaecat nisi minim mollit officia qui reprehenderit.",
            "price": 453.07
        },
        {
            "id": "374988",
            "category": "Food",
            "filename": "milk",
            "name": "Milk",
            "description": "Minim eu aute exercitation duis aute tempor id voluptate quis incididunt id non excepteur. Deserunt cupidatat ullamco ipsum amet aute. Consequat aliquip do in reprehenderit adipisicing laboris. Labore velit consectetur laborum id amet nostrud non voluptate reprehenderit incididunt ad ad cupidatat magna. Nostrud magna sint veniam ad officia sint eu ipsum minim. Labore laboris duis nostrud in irure. Occaecat consectetur commodo pariatur officia cillum sit Lorem eiusmod esse ipsum aliqua.",
            "price": 495.22
        },
        {
            "id": "729893",
            "category": "Household",
            "filename": "mirror",
            "name": "Mirror",
            "description": "Enim cupidatat commodo officia minim. Exercitation adipisicing do cupidatat in ea ea eiusmod qui excepteur ea consectetur amet irure nulla. Lorem id laboris cupidatat labore velit. Et velit ad ad labore occaecat laborum qui et consectetur eiusmod consequat mollit laborum cillum.",
            "price": 281.94
        },
        {
            "id": "591952",
            "category": "Office",
            "filename": "monitor",
            "name": "Monitor",
            "description": "Tempor irure irure velit voluptate enim aliqua consectetur ex fugiat amet sit fugiat et. Officia nisi nulla sunt est cupidatat duis minim tempor. Reprehenderit voluptate anim sunt labore nostrud dolore irure anim eiusmod commodo ullamco. Aliqua dolore excepteur laborum ea tempor elit Lorem laborum culpa. Excepteur mollit aliquip qui minim Lorem minim id nisi excepteur in. Irure excepteur excepteur in dolore qui minim duis nostrud. Ex quis et magna occaecat exercitation minim ex id eiusmod quis anim eu fugiat.",
            "price": 168.08
        },
        {
            "id": "501365",
            "category": "Office",
            "filename": "mp3_player",
            "name": "Mp3 Player",
            "description": "Exercitation cupidatat anim amet magna. Commodo et reprehenderit do excepteur exercitation exercitation. Est quis cupidatat enim et dolore qui tempor est elit duis reprehenderit officia culpa. Occaecat ut sunt nulla proident esse consectetur dolore sit tempor nulla mollit. Aute aliquip veniam voluptate velit pariatur. Lorem magna adipisicing eiusmod nulla dolore mollit quis officia nostrud et. Cillum amet reprehenderit et adipisicing excepteur Lorem qui reprehenderit esse aute.",
            "price": 123.38
        },
        {
            "id": "790068",
            "category": "Household",
            "filename": "nail_clippers",
            "name": "Nail Clippers",
            "description": "Occaecat adipisicing irure eiusmod non quis in ullamco eiusmod ex velit. Esse sunt esse ea tempor magna sint exercitation magna sint. Deserunt exercitation eiusmod incididunt exercitation.",
            "price": 109.22
        },
        {
            "id": "178655",
            "category": "Household",
            "filename": "nail_file",
            "name": "Nail File",
            "description": "Qui non ut sunt excepteur enim. Eiusmod ullamco adipisicing veniam aute esse laborum anim mollit minim dolore aliquip eiusmod. Non ullamco cillum duis est enim dolor labore Lorem aute aliqua. Sint ipsum incididunt ipsum culpa ipsum qui.",
            "price": 355.63
        },
        {
            "id": "777134",
            "category": "Household",
            "filename": "needle",
            "name": "Needle",
            "description":"Voluptate sit do pariatur eiusmod nisi excepteur aliqua amet laboris fugiat officia fugiat duis officia. Deserunt et officia ipsum labore laborum adipisicing nisi culpa enim pariatur ullamco ut quis. Ex in velit deserunt et sunt occaecat sunt eu Lorem exercitation voluptate do dolor. Veniam ad excepteur ex sint officia exercitation aliquip pariatur.",
            "price": 57.71
        },
        {
            "id": "256364",
            "category": "Household",
            "filename": "newspaper",
            "name": "Newspaper",
            "description": "Lorem exercitation esse qui laboris nulla reprehenderit Lorem aute Lorem Lorem do ad enim do. Pariatur do culpa ipsum veniam. Fugiat nulla aute anim officia dolor non ipsum enim cupidatat elit eiusmod fugiat. Cillum eiusmod sit veniam nulla amet elit enim exercitation. Nisi veniam amet pariatur aliquip. Dolore voluptate aliqua aute sunt magna dolor do occaecat ex qui officia Lorem.",
            "price": 241.88
        },
        {
            "id": "964723",
            "category": "Household",
            "filename": "outlet",
            "name": "Outlet",
            "description": "Reprehenderit esse exercitation dolor nulla excepteur do enim do sunt duis. Consequat exercitation officia consectetur commodo nisi non proident amet. Aliqua culpa dolor consequat laborum sit tempor qui magna do occaecat est mollit culpa cillum. Exercitation commodo aliqua ut nulla nulla esse quis commodo occaecat. Quis enim nostrud id non qui Lorem cillum laborum eiusmod excepteur eu qui. Voluptate aute et magna duis id nostrud esse exercitation incididunt ea. Non id sit duis eu ea voluptate nostrud commodo incididunt do.",
            "price": 223.59
        },
        {
            "id": "749868",
            "category": "Household",
            "filename": "Food",
            "name": "Packing Peanuts",
            "description": "Laborum adipisicing qui sunt non. Cupidatat sint cillum irure duis. Nostrud magna sit ut deserunt id magna mollit aliquip amet culpa.",
            "price": 367.07
        },
        {
            "id": "777138",
            "category": "Office",
            "filename": "paper",
            "name": "Paper",
            "description": "Dolor laborum quis ad irure amet quis quis sint consequat qui. Ea sunt ullamco proident quis Lorem fugiat esse ex officia Lorem ad. Anim duis dolore laboris aute sunt aliqua aute occaecat irure. Incididunt officia et labore fugiat cupidatat excepteur excepteur Lorem quis occaecat nostrud eiusmod.",
            "price": 284.82
        },
        {
            "id": "636199",
            "category": "Office",
            "filename": "pen",
            "name": "Pen",
            "description": "Voluptate occaecat laborum fugiat excepteur laborum Lorem adipisicing mollit cupidatat qui in excepteur ullamco ut. Dolor quis proident non minim. Cillum dolore do qui ea consectetur elit commodo ea officia aliqua deserunt amet velit amet. Adipisicing sunt enim commodo quis laboris ipsum id est. Non ea laborum est officia laborum nostrud ut eiusmod nisi laboris proident. Amet aliquip qui dolor in ipsum amet ad proident pariatur.",
            "price": 418.56
        },
        {
            "id": "522714",
            "category": "Office",
            "filename": "pencil",
            "name": "Pencil",
            "description": "Ut amet Lorem magna magna proident ea est. Exercitation reprehenderit est minim mollit et. Commodo consectetur consectetur sint cillum occaecat. Cillum sit ut aliquip velit officia. Exercitation nostrud proident dolore incididunt. Nisi occaecat laborum dolor laboris aute duis aliquip occaecat et non proident deserunt cillum occaecat. Duis est dolore exercitation consectetur sunt ut.",
            "price": 193.49
        },
        {
            "id": "373735",
            "category": "Household",
            "filename": "perfume",
            "name": "Perfume",
            "description": "Nisi proident commodo culpa ea nisi enim ad et cillum officia enim. Adipisicing veniam minim officia cillum ut et deserunt consequat veniam in. Sunt anim commodo tempor excepteur et fugiat. Proident qui enim officia officia reprehenderit velit sunt amet exercitation pariatur sit et ea ea.",
            "price": 131.53
        },
        {
            "id": "12123",
            "category": "Office",
            "filename": "phone",
            "name": "Phone",
            "description":"Cillum do id nostrud laborum est veniam ut pariatur deserunt. Irure id ut labore eiusmod proident nulla exercitation sit aute do deserunt irure est. Irure est anim ut aliquip.",
            "price": 37.00
        },
        {
            "id": "343531",
            "category": "Household",
            "filename": "photo_album",
            "name": "Photo Album",
            "description": "Velit dolore cupidatat occaecat in aliqua. Aliqua deserunt sit in excepteur ullamco veniam quis amet deserunt dolore irure duis fugiat aliquip. Magna minim nostrud Lorem ea amet nostrud id sit do nisi dolore qui laboris culpa. Nisi cillum ex id velit irure laboris amet aliquip et dolor sunt. Id fugiat et mollit est duis velit id esse do nisi velit ad eiusmod nostrud. Deserunt proident in labore est qui nulla mollit laboris. Lorem cupidatat consequat irure laboris pariatur tempor nostrud ad do ad tempor sunt dolor.",
            "price": 245.89
        },
        {
            "id": "550409",
            "category": "Household",
            "filename": "piano",
            "name": "Piano",
            "description": "Dolor ex ut ut consectetur proident non id ipsum amet in ut culpa. In laborum do pariatur non et. Reprehenderit esse deserunt ipsum elit non do fugiat deserunt do culpa dolor consequat anim reprehenderit. Deserunt irure incididunt labore enim id nisi.",
            "price": 325.12
        },
        {
            "id": "606736",
            "category": "Household",
            "filename": "picture_frame",
            "name": "Picture Frame",
            "description": "Eiusmod sint quis ut pariatur tempor est officia enim consectetur. Anim nisi nulla cillum duis. Qui qui sint mollit reprehenderit quis excepteur sit nulla dolor cupidatat exercitation. Labore tempor pariatur consequat minim sit exercitation consectetur sit consequat adipisicing tempor minim.",
            "price": 182.08
        },
        {
            "id": "595732",
            "category": "Other",
            "filename": "playing_card",
            "name": "Playing Card",
            "description":"Quis Lorem qui in aliqua labore aute laboris. Consectetur amet tempor pariatur in consequat aliquip est proident sunt minim proident. Dolore exercitation nisi irure duis occaecat do ut laboris ullamco amet do nulla ea excepteur. Adipisicing excepteur consectetur excepteur excepteur aliquip adipisicing commodo cupidatat non adipisicing voluptate Lorem consequat. Nostrud do sint irure velit excepteur culpa qui. Tempor ad Lorem consequat eu eiusmod laboris.",
            "price": 75.73
        },
        {
            "id": "668635",
            "category": "Household",
            "filename": "pool_stick",
            "name": "Pool Stick",
            "description": "Ad incididunt ad tempor do minim Lorem duis ad ut consequat sint. Proident deserunt irure voluptate ea adipisicing. Ea sint laboris reprehenderit labore labore quis veniam consequat est dolor id eiusmod pariatur ex. Dolor eu qui ut officia deserunt esse laborum duis anim irure sunt Lorem cupidatat amet. Aliqua fugiat do deserunt anim adipisicing aute aute esse mollit ex velit. Commodo ipsum fugiat deserunt consectetur dolor.",
            "price": 203.91
        },
        {
            "id": "590636",
            "category": "Other",
            "filename": "puddle",
            "name": "Puddle",
            "description":"Consectetur reprehenderit dolore qui reprehenderit cillum ullamco Lorem do reprehenderit laborum deserunt. Lorem Lorem fugiat veniam quis proident aute fugiat duis minim velit mollit nostrud voluptate tempor. Pariatur laboris amet veniam nulla quis minim. Id mollit consequat excepteur eiusmod incididunt occaecat deserunt non ea nulla. Adipisicing adipisicing occaecat commodo nostrud. Aute pariatur deserunt commodo ullamco dolor dolore aliqua nostrud in non sunt.",
            "price": 75.56
        },
        {
            "id": "458518",
            "category": "Office",
            "filename": "radio",
            "name": "Radio",
            "description": "Duis ad Lorem amet et. Ea irure qui consectetur proident irure non laborum nulla adipisicing ipsum sunt. Dolore ex nulla occaecat minim dolor labore occaecat culpa enim ipsum. Tempor cupidatat nisi occaecat non qui sit ipsum fugiat labore qui et ad.",
            "price": 256.08
        },
        {
            "id": "588945",
            "category": "Office",
            "filename": "rubber_band",
            "name": "Rubber Band",
            "description": "Aliquip magna quis consectetur culpa ipsum consequat aliqua proident elit consequat esse. Aliquip in tempor non amet adipisicing qui mollit culpa eiusmod ex voluptate pariatur ut pariatur. Laboris dolor reprehenderit nulla id occaecat pariatur nisi aute. Deserunt deserunt et eu mollit minim. Pariatur minim ea pariatur in.",
            "price": 386.22
        },
        {
            "id": "273910",
            "category": "Household",
            "filename": "rug",
            "name": "Rug",
            "description":"Ea in reprehenderit laboris reprehenderit culpa non incididunt. Veniam duis aute aliquip sunt magna nulla sint. Incididunt consectetur anim laboris minim cillum do deserunt ad voluptate labore id ad.",
            "price": 71.98
        },
        {
            "id": "551725",
            "category": "Household",
            "filename": "sand_paper",
            "name": "Sand Paper",
            "description": "Exercitation laborum occaecat officia reprehenderit do est. Irure tempor ad id consequat aute officia do exercitation cillum voluptate. Aliqua sint velit pariatur deserunt est ea id magna ipsum cillum dolore. Minim voluptate cillum est nulla Lorem tempor eu amet anim.",
            "price": 478.57
        },
        {
            "id": "87610",
            "category": "Office",
            "filename": "sharpie",
            "name": "Sharpie",
            "description": "Ad minim exercitation culpa adipisicing occaecat exercitation nostrud nostrud voluptate irure cillum. Ea sunt consequat quis eu aliqua ipsum consectetur amet sunt. Proident sunt incididunt nisi eu nisi. Sunt voluptate anim voluptate anim sunt ullamco ad enim qui voluptate incididunt voluptate aute ex. Pariatur labore commodo ipsum excepteur minim dolor sint ex. Exercitation sit ipsum commodo qui aliqua esse cupidatat fugiat anim dolor minim officia consequat. Veniam nisi eu aliquip proident ex qui in quis enim eiusmod aute minim.",
            "price": 427.36
        },
        {
            "id": "947599",
            "category": "Household",
            "filename": "shawl",
            "name": "Shawl",
            "description": "Ad eu duis eu aute fugiat nulla exercitation. Laborum consectetur ipsum in sit labore aliqua cillum. Sint voluptate laboris consectetur adipisicing. Aliqua incididunt amet officia anim magna Lorem anim consectetur ex dolore eiusmod anim fugiat fugiat. Adipisicing amet tempor culpa aliqua veniam consequat veniam tempor minim.",
            "price": 382.43
        },
        {
            "id": "438375",
            "category": "Household",
            "filename": "shoe_lace",
            "name": "Shoe Lace",
            "description": "Non est dolor cupidatat exercitation officia proident et sunt enim ad deserunt irure. Tempor nisi magna aute non duis minim incididunt magna qui. Et quis minim exercitation ut et incididunt esse officia amet magna ad excepteur ut velit. Pariatur ex officia elit labore laborum incididunt eiusmod quis. Ad laborum aute velit nulla incididunt non dolor minim elit ex nisi dolor reprehenderit cillum. Labore consequat magna anim amet culpa minim qui nulla veniam ullamco aute. Eu consequat laborum cupidatat aute sit anim non id.",
            "price": 245.53
        },
        {
            "id": "253976",
            "category": "Food",
            "filename": "shoes",
            "name": "Shoes",
            "description": "Cupidatat labore magna nisi id ex minim laborum quis ullamco. Dolor laboris cupidatat voluptate est ut anim anim enim labore ea officia ad. In esse velit eiusmod dolor do esse id minim fugiat. Dolore esse est anim do ullamco eu veniam irure.",
            "price": 266.76
        },
        {
            "id": "666257",
            "category": "Household",
            "filename": "sidewalk",
            "name": "Sidewalk",
            "description": "Dolor cillum consequat voluptate reprehenderit aute irure elit ipsum reprehenderit nulla magna ut. Dolor laborum laboris nulla occaecat excepteur in nulla anim et consequat elit minim. Labore labore consequat aliquip in adipisicing sit sunt id. Voluptate velit officia dolore esse officia aliqua occaecat do id ut consequat. Consectetur excepteur sunt quis qui ullamco mollit exercitation eu aliqua officia.",
            "price": 286.91
        },
        {
            "id": "191218",
            "category": "Office",
            "filename": "sketch_pad",
            "name": "Sketch Pad",
            "description": "Aliqua enim magna reprehenderit sit adipisicing ut Lorem excepteur. Dolore elit esse ea sunt veniam consequat reprehenderit. Veniam quis dolor consectetur tempor veniam laborum quis. Reprehenderit ea nulla deserunt pariatur dolor proident. Quis ea sunt labore anim et nostrud commodo velit dolore cillum ex laborum duis.",
            "price": 373.04
        },
        {
            "id": "459399",
            "category": "Clothes",
            "filename": "slipper",
            "name": "Slipper",
            "description":"Ad culpa Lorem do aliquip fugiat Lorem. Ullamco consequat velit ullamco non. Quis qui duis Lorem mollit proident et incididunt incididunt pariatur voluptate nostrud reprehenderit ad. Irure excepteur culpa cupidatat nostrud deserunt.",
            "price": 52.15
        },
        {
            "id": "830360",
            "category": "Household",
            "filename": "soap",
            "name": "Soap",
            "description": "Aliquip ut aliqua cupidatat ea cillum reprehenderit irure amet excepteur. Lorem anim anim qui mollit non laboris anim commodo excepteur. Aliqua sit ea cillum sit velit pariatur reprehenderit anim proident mollit eiusmod excepteur officia.",
            "price": 231.42
        },
        {
            "id": "681648",
            "category": "Household",
            "filename": "socks",
            "name": "Socks",
            "description": "Do do fugiat officia esse labore pariatur eiusmod ex dolore in occaecat. Tempor dolore aute commodo aliqua do non consequat eu nisi esse mollit eu ipsum. Esse laborum velit quis do et aliqua cillum dolore sunt ea dolor id veniam. Eiusmod qui et dolor cupidatat commodo enim culpa ea non sunt do. Occaecat quis exercitation enim occaecat in dolore ipsum quis consequat id do enim nostrud aliqua. Labore est eiusmod aute Lorem nisi nisi do commodo consectetur dolor deserunt adipisicing ut.",
            "price": 171.94
        },
        {
            "id": "506340",
            "category": "Food",
            "filename": "soda_can",
            "name": "Soda Can",
            "description":"Sint cillum non tempor laboris incididunt ex labore non dolore. Deserunt et dolor et incididunt. Voluptate Lorem ipsum velit esse labore fugiat fugiat id occaecat exercitation. Qui voluptate excepteur aliquip proident esse nostrud exercitation.",
            "price": 12.38
        },
        {
            "id": "936818",
            "category": "Household",
            "filename": "sofa",
            "name": "Sofa",
            "description": "Consectetur commodo aliquip consectetur consequat adipisicing voluptate laboris. Cupidatat exercitation labore in incididunt eiusmod exercitation et officia anim labore id sit. Adipisicing consectetur ex dolor ipsum enim sint anim deserunt. Laboris reprehenderit mollit cillum consequat officia sint consectetur ut duis ad.",
            "price": 230.28
        },
        {
            "id": "580643",
            "category": "Office",
            "filename": "speakers",
            "name": "Speakers",
            "description": "Ipsum excepteur duis quis incididunt velit id commodo aute commodo irure Lorem officia proident. Aliquip officia aliquip excepteur aliqua do in eiusmod. Occaecat dolore cupidatat in ad minim esse ullamco nulla dolore et. Consequat qui qui consequat do esse voluptate enim id Lorem non proident fugiat minim non. Lorem dolore dolor enim duis sint sint laborum nostrud pariatur proident. Occaecat labore incididunt ipsum commodo eiusmod.",
            "price": 484.81
        },
        {
            "id": "793096",
            "category": "Food",
            "filename": "spoon",
            "name": "Spoon",
            "description": "Ex sunt consectetur enim exercitation adipisicing ipsum minim id occaecat irure. Cupidatat adipisicing laborum mollit excepteur. Quis ea id adipisicing veniam officia anim labore reprehenderit ut fugiat quis fugiat ipsum. Id non eu voluptate officia.",
            "price": 388.68
        },
        {
            "id": "306146",
            "category": "Office",
            "filename": "spring",
            "name": "Spring",
            "description": "Aliquip consequat qui laboris cupidatat pariatur minim sint tempor ullamco ut nulla. Sit eiusmod aute non quis exercitation ad. Eu aute enim ea laborum eu et ad ex. Sunt amet excepteur cupidatat et eu aliqua incididunt aliqua culpa anim mollit excepteur. Nisi consequat duis veniam excepteur exercitation excepteur duis reprehenderit aute. Deserunt sint ea exercitation fugiat ipsum tempor sit laborum sint voluptate mollit Lorem. Eiusmod commodo nisi minim Lorem esse.",
            "price": 395.50
        },
        {
            "id": "609476",
            "category": "Office",
            "filename": "sticky_note",
            "name": "Sticky Note",
            "description": "Id anim id culpa elit eiusmod. Ea est qui culpa laboris sit pariatur. Sit laboris dolor est exercitation. Laboris aliquip exercitation reprehenderit ea officia fugiat in id elit veniam non amet quis est. Consequat est pariatur officia sint minim adipisicing culpa reprehenderit magna qui exercitation. Quis quis nisi cillum consectetur commodo sint est enim culpa deserunt laborum cupidatat in occaecat. Velit minim cillum voluptate exercitation pariatur excepteur aliqua consectetur veniam voluptate id.",
            "price": 118.52
        },
        {
            "id": "290298",
            "category": "Clothes",
            "filename": "stockings",
            "name": "Stockings",
            "description": "Excepteur velit fugiat eu esse fugiat eu duis occaecat ex tempor in. Eiusmod exercitation magna anim ipsum minim excepteur veniam anim aliquip nisi. Velit ut Lorem et do ex consectetur occaecat pariatur qui eu ipsum ipsum. Enim laboris consectetur quis deserunt enim consectetur culpa esse officia eiusmod ea aute. Cupidatat labore esse ad et est voluptate id esse. Consectetur est in anim nisi labore dolor nulla magna fugiat culpa.",
            "price": 417.25
        },
        {
            "id": "620151",
            "category": "Other",
            "filename": "stop_sign",
            "name": "Stop Sign",
            "description": "Duis mollit aliqua ea ullamco adipisicing cillum in. Do laborum duis sunt amet nisi consequat tempor Lorem id ex voluptate aliquip. Aliqua commodo reprehenderit exercitation exercitation amet in reprehenderit sit. Voluptate est nisi pariatur incididunt id voluptate velit elit irure consequat ea pariatur.",
            "price": 355.32
        },
        {
            "id": "493491",
            "category": "Other",
            "filename": "street_lights",
            "name": "Street Lights",
            "description": "Ea velit cillum commodo anim occaecat eu ad veniam excepteur ipsum cupidatat. Consectetur duis aute labore voluptate id labore officia nisi aute. Mollit deserunt aute nisi eiusmod anim ad ex adipisicing deserunt laborum aliqua tempor Lorem excepteur. Ullamco esse sit Lorem aliqua aute. Velit ad anim deserunt ipsum aute ad in consequat laboris aute proident. Dolore aute consequat qui do dolore id cupidatat consequat velit nulla culpa voluptate nostrud. Voluptate eu exercitation aliqua pariatur ex laboris labore pariatur fugiat dolore Lorem Lorem ad est.",
            "price": 291.18
        },
        {
            "id": "400876",
            "category": "Clothes",
            "filename": "sun_glasses",
            "name": "Sun Glasses",
            "description": "Eu nostrud ad sit sint aute deserunt. Do minim proident commodo ea deserunt laboris nisi occaecat. Ullamco quis irure non magna anim. Aliquip do cupidatat aliquip cupidatat id consequat commodo reprehenderit pariatur. Eiusmod deserunt anim cupidatat sit irure aute cupidatat duis pariatur ipsum labore sunt cillum. Nisi dolore dolore minim et anim dolore sit laboris. Consectetur excepteur enim qui voluptate incididunt exercitation nulla amet aliqua labore sint.",
            "price": 145.07
        },
        {
            "id": "268949",
            "category": "Office",
            "filename": "television",
            "name": "Television",
            "description": "Ut ut cillum cillum occaecat ut dolore exercitation ullamco aute occaecat magna culpa. Amet tempor velit consectetur enim consectetur Lorem Lorem velit proident veniam magna nisi adipisicing. Fugiat eu tempor non fugiat laborum officia dolore Lorem do sit consequat eiusmod.",
            "price": 437.67
        },
        {
            "id": "344578",
            "category": "Household",
            "filename": "thermometer",
            "name": "Thermometer",
            "description": "Aute officia ut dolor voluptate ex ea ut velit nisi elit qui et. Cupidatat ut ullamco ex nulla. Adipisicing nulla voluptate do Lorem cupidatat voluptate elit. Labore in nostrud culpa ullamco veniam cillum veniam nulla irure voluptate aliquip eiusmod. Do qui proident ut ut occaecat culpa ipsum sit excepteur voluptate. Sit Lorem commodo adipisicing exercitation ullamco exercitation laborum minim cupidatat. Nulla fugiat laboris exercitation ullamco aute laboris Lorem aliqua irure ullamco commodo adipisicing.",
            "price": 226.78
        },
        {
            "id": "74277",
            "category": "Household",
            "filename": "thermostat",
            "name": "Thermostat",
            "description": "Exercitation laborum qui deserunt laboris ullamco quis dolore. Velit nisi dolore excepteur ea non cupidatat exercitation deserunt qui elit. Proident sunt ipsum excepteur ullamco reprehenderit voluptate id eiusmod do sunt enim adipisicing. Culpa tempor pariatur ea commodo commodo quis eiusmod qui est. Excepteur non in proident duis voluptate esse et elit consectetur do esse ex consectetur.",
            "price": 359.29
        },
        {
            "id": "739096",
            "category": "Clothes",
            "filename": "thread",
            "name": "Thread",
            "description": "Cillum proident tempor amet dolore incididunt officia tempor amet fugiat sunt nulla anim duis. Sunt mollit nostrud anim enim commodo voluptate consectetur in. Dolore minim aliquip ut duis culpa. Eu laboris nulla ea enim.",
            "price": 307.51
        },
        {
            "id": "659688",
            "category": "Household",
            "filename": "tire_swing",
            "name": "Tire Swing",
            "description":"Ea amet sint irure nostrud veniam quis do sunt aute magna veniam nulla mollit. Qui ad officia magna labore eiusmod ad duis aute. Veniam magna exercitation proident adipisicing fugiat ex mollit consectetur voluptate ullamco. Ut eu irure ut duis deserunt.",
            "price": 33.17
        },
        {
            "id": "256753",
            "category": "Household",
            "filename": "toilet",
            "name": "Toilet",
            "description":"Cillum nisi aliquip sunt aliqua aute fugiat est eu culpa qui consectetur exercitation voluptate. Enim tempor tempor consequat duis cupidatat sit et ea quis sit quis esse mollit reprehenderit. Minim duis est cillum voluptate. Voluptate voluptate nostrud elit aliqua exercitation. Aliquip dolore excepteur et eu nisi enim laborum excepteur labore pariatur. Occaecat minim laboris eu non consectetur cillum. Officia voluptate Lorem proident reprehenderit enim occaecat officia sit et.",
            "price": 84.56
        },
        {
            "id": "695120",
            "category": "Food",
            "filename": "tomato",
            "name": "Tomato",
            "description": "Dolor irure incididunt labore consectetur incididunt consequat officia magna. In proident incididunt laboris ipsum in aliquip nisi pariatur sit ut occaecat exercitation deserunt. Ullamco eiusmod pariatur Lorem sint excepteur. Commodo ipsum do aliqua ea laboris proident elit tempor sunt veniam officia consectetur ex fugiat. Aliqua occaecat tempor proident ad. Deserunt est deserunt cupidatat minim laborum dolor incididunt in veniam occaecat.",
            "price": 455.19
        },
        {
            "id": "852358",
            "category": "Household",
            "filename": "tooth_picks",
            "name": "Tooth Picks",
            "description": "Lorem in consectetur sit labore labore labore veniam. Ea laboris esse culpa officia laboris laboris. Consectetur nisi nulla Lorem duis minim nulla ex consectetur cupidatat elit adipisicing. Mollit fugiat anim culpa tempor voluptate occaecat Lorem aliqua esse. Sit occaecat proident pariatur labore veniam do excepteur aute Lorem ex laboris incididunt. Irure ullamco ex ad commodo non.",
            "price": 472.55
        },
        {
            "id": "258975",
            "category": "Food",
            "filename": "toothbrush",
            "name": "Toothbrush",
            "description":"Proident enim non laboris fugiat adipisicing incididunt irure ullamco. Magna consectetur reprehenderit ipsum id deserunt laboris ex eiusmod. Pariatur incididunt nisi consequat pariatur labore nulla incididunt nostrud nulla. Ipsum id enim aliqua fugiat consectetur occaecat pariatur. Mollit commodo do mollit eu cupidatat nostrud nisi id nulla do minim amet.",
            "price": 69.49
        },
        {
            "id": "878059",
            "category": "Food",
            "filename": "toothpaste",
            "name": "Toothpaste",
            "description": "Officia occaecat aute veniam ea enim adipisicing quis mollit id. Deserunt aliqua consectetur Lorem labore. Enim minim ea consectetur laborum fugiat veniam ex reprehenderit adipisicing magna laborum cupidatat. Laboris pariatur cupidatat eiusmod aute ad consectetur incididunt cupidatat. Excepteur laboris anim elit est aliquip duis.",
            "price": 187.05
        },
        {
            "id": "506741",
            "category": "Household",
            "filename": "towel",
            "name": "Towel",
            "description": "Consectetur incididunt Lorem qui mollit adipisicing. Aliquip commodo veniam voluptate irure sunt. Ea reprehenderit fugiat proident quis. Aliqua laborum ex id sit et labore mollit eiusmod do enim ad proident commodo. Adipisicing non aliquip ad proident veniam reprehenderit voluptate.",
            "price": 188.43
        },
        {
            "id": "815320",
            "category": "Household",
            "filename": "tree",
            "name": "Tree",
            "description": "Enim aliqua in ullamco non eiusmod labore culpa ex eiusmod excepteur. Laboris consequat in amet minim culpa ipsum. Fugiat amet veniam reprehenderit do ut ut excepteur ullamco veniam fugiat. Occaecat non ut nisi amet nostrud ullamco ea ut. Nulla nostrud consequat do laboris et nisi.",
            "price": 235.93
        },
        {
            "id": "513507",
            "category": "Household",
            "filename": "truck",
            "name": "Truck",
            "description": "Lorem duis incididunt magna nulla velit ea laborum ipsum culpa aliquip Lorem adipisicing sit Lorem. Pariatur ipsum nostrud sunt velit tempor aliqua aliqua dolore laboris Lorem eiusmod consectetur sunt ullamco. Officia ullamco veniam esse nostrud nulla fugiat esse dolor cupidatat officia mollit nisi. Ea officia enim consectetur dolor et consectetur Lorem officia.",
            "price": 399.77
        },
        {
            "id": "823827",
            "category": "Household",
            "filename": "tv",
            "name": "Tv",
            "description":"Proident labore veniam id reprehenderit ut laborum consequat sint eiusmod esse nostrud officia velit veniam. Enim consectetur esse nulla incididunt. Amet consequat esse sint aute enim sint sint. Laboris magna esse eiusmod Lorem laborum dolor incididunt anim reprehenderit cillum adipisicing dolor id magna.",
            "price": 85.96
        },
        {
            "id": "350367",
            "category": "Household",
            "filename": "twezzers",
            "name": "Twezzers",
            "description": "Culpa ut sunt ea dolor. Non eiusmod ullamco ipsum ex. Exercitation velit cupidatat sint aliquip enim culpa mollit cupidatat non ut irure sint minim ex. Consequat aliqua fugiat ut elit excepteur amet cupidatat. Cillum id commodo sunt nisi nisi esse dolor.",
            "price": 398.54
        },
        {
            "id": "867741",
            "category": "Household",
            "filename": "twister",
            "name": "Twister",
            "description": "Excepteur labore ea reprehenderit ut proident dolore est et. Dolor in cupidatat officia quis sunt id fugiat in officia id laborum laborum excepteur Lorem. Culpa eiusmod velit nisi qui consectetur proident consequat Lorem aute quis non. Deserunt do excepteur mollit dolore ea cillum. Fugiat velit qui dolore minim nisi incididunt commodo eu. Id officia excepteur consequat et ex ipsum et consectetur.",
            "price": 479.02
        },
        {
            "id": "456555",
            "category": "Household",
            "filename": "vase",
            "name": "Vase",
            "description": "Esse proident duis ex culpa velit. Reprehenderit cupidatat tempor sint dolore. Id eu sunt consequat aliquip non cupidatat cillum. Ad cupidatat velit laborum aute aute exercitation nostrud nostrud voluptate deserunt irure sunt dolor. Quis commodo ad Lorem excepteur reprehenderit nulla dolore velit ad culpa sint anim. Laborum nisi eu eu aute nulla tempor.",
            "price": 423.40
        },
        {
            "id": "343541",
            "category": "Household",
            "filename": "video_games",
            "name": "Video Games",
            "description": "Occaecat proident anim ex dolor in elit dolore proident amet laboris eiusmod incididunt. Eu aliqua culpa pariatur duis. Ipsum Lorem qui commodo in. Non ea elit ut et est anim dolor culpa. Cillum consequat culpa occaecat ullamco.",
            "price": 113.10
        },
        {
            "id": "286960",
            "category": "Household",
            "filename": "wagon",
            "name": "Wagon",
            "description":"Incididunt esse aliquip ullamco sint nulla proident mollit veniam nostrud duis cillum. Commodo occaecat tempor culpa eu sunt duis enim ipsum. Voluptate voluptate reprehenderit pariatur magna Lorem in cupidatat. Sunt culpa qui voluptate dolore quis. Minim Lorem Lorem aute consectetur laborum commodo aliqua reprehenderit tempor consectetur velit. Elit aute exercitation sint exercitation nostrud ex Lorem aliqua deserunt occaecat ea proident voluptate incididunt. Duis sit cupidatat laborum ea eu reprehenderit consequat in in laborum sunt proident.",
            "price": 35.43
        },
        {
            "id": "214742",
            "category": "Office",
            "filename": "wallet",
            "name": "Wallet",
            "description": "Laboris ullamco esse tempor fugiat fugiat magna esse mollit nostrud laborum culpa deserunt. Culpa mollit sit pariatur reprehenderit nisi laboris sint nulla incididunt in cillum cupidatat irure. Esse nulla officia elit culpa ad qui deserunt adipisicing ipsum occaecat. Ad fugiat exercitation velit dolor. Ut in dolor do ut duis pariatur cillum proident qui mollit nostrud ea reprehenderit. Anim nostrud veniam incididunt esse eiusmod veniam fugiat qui amet sunt voluptate id quis deserunt.",
            "price": 383.06
        },
        {
            "id": "564869",
            "category": "Household",
            "filename": "washing_machine",
            "name": "Washing Machine",
            "description": "Non qui est enim adipisicing. Fugiat exercitation esse excepteur culpa aliquip ipsum deserunt voluptate velit anim in magna commodo. Cillum voluptate ipsum culpa pariatur voluptate. Dolore esse tempor minim veniam culpa deserunt nisi dolore magna.",
            "price": 284.54
        },
        {
            "id": "873184",
            "category": "Food",
            "filename": "water_bottle",
            "name": "Water Bottle",
            "description": "Id incididunt occaecat ut culpa id. Sunt voluptate incididunt nostrud id in fugiat pariatur Lorem. Amet cillum non reprehenderit dolor non dolor.",
            "price": 211.61
        },
        {
            "id": "751881",
            "category": "Office",
            "filename": "white_out",
            "name": "White Out",
            "description": "Nostrud esse ut excepteur dolor voluptate qui do cupidatat labore. Nostrud cillum voluptate magna incididunt tempor ut laboris ut Lorem sunt voluptate ex. Nisi consequat pariatur ex et commodo sit. Commodo proident culpa eu enim officia consequat irure. Nisi anim Lorem reprehenderit ut. Ipsum consequat est nostrud enim.",
            "price": 284.72
        },
        {
            "id": "766108",
            "category": "Household",
            "filename": "window",
            "name": "Window",
            "description": "Aliquip dolore mollit mollit eiusmod nulla laboris. Et ipsum deserunt sit velit ullamco. Consequat ipsum enim culpa non tempor. Deserunt cillum elit occaecat non cillum fugiat. Exercitation qui consectetur ipsum minim enim in velit cillum ex. Aliqua ullamco et tempor labore.",
            "price": 100.55
        },
        {
            "id": "353125",
            "category": "Clothes",
            "filename": "zipper",
            "name": "Zipper",
            "description": "Laboris exercitation id aliqua laborum nisi minim cillum ullamco minim ipsum et non sit anim. Quis do cillum irure in dolore cupidatat tempor nulla. Aliquip excepteur aute et anim occaecat ad proident enim. Adipisicing esse in laboris proident ea mollit nisi et cillum cillum. Cillum duis Lorem ex ex magna est exercitation.",
            "price": 111.25
        }
    ]
}
